,date,price
0,10/05/2021 17:05:45,58063.29
1,10/05/2021 17:05:46,58063.29
2,10/05/2021 17:05:47,58063.29
3,10/05/2021 17:05:48,58063.29
4,10/05/2021 17:05:49,58063.29
5,10/05/2021 17:05:50,58063.29
6,10/05/2021 17:05:51,58058.03
7,10/05/2021 17:05:52,58058.03
8,10/05/2021 17:05:53,58058.03
9,10/05/2021 17:05:54,58058.03
10,10/05/2021 17:05:55,58058.03
11,10/05/2021 17:05:33,58049.09
12,10/05/2021 17:05:34,58059.16
13,10/05/2021 17:05:35,58059.16
14,10/05/2021 17:05:36,58059.16
15,10/05/2021 17:05:37,58059.16
16,10/05/2021 17:05:38,58059.16
17,10/05/2021 17:05:40,58059.16
18,10/05/2021 17:05:41,58059.16
19,10/05/2021 17:05:42,58059.16
20,10/05/2021 17:05:43,58063.29
21,10/05/2021 17:05:44,58063.29
22,10/05/2021 17:05:22,58048.83
23,10/05/2021 17:05:23,58048.83
24,10/05/2021 17:05:24,58049.09
25,10/05/2021 17:05:25,58049.09
26,10/05/2021 17:05:26,58049.09
27,10/05/2021 17:05:27,58049.09
28,10/05/2021 17:05:28,58049.09
29,10/05/2021 17:05:29,58049.09
30,10/05/2021 17:05:30,58049.09
31,10/05/2021 17:05:31,58049.09
32,10/05/2021 17:05:32,58049.09
33,10/05/2021 17:05:10,58042.04
34,10/05/2021 17:05:11,58042.04
35,10/05/2021 17:05:12,58042.04
36,10/05/2021 17:05:13,58048.83
37,10/05/2021 17:05:14,58048.83
38,10/05/2021 17:05:16,58048.83
39,10/05/2021 17:05:17,58048.83
40,10/05/2021 17:05:18,58048.83
41,10/05/2021 17:05:19,58048.83
42,10/05/2021 17:05:20,58048.83
43,10/05/2021 17:05:21,58048.83
44,10/05/2021 17:04:59,58041.14
45,10/05/2021 17:05:00,58041.14
46,10/05/2021 17:05:01,58041.14
47,10/05/2021 17:05:02,58041.14
48,10/05/2021 17:05:03,58041.14
49,10/05/2021 17:05:04,58041.14
50,10/05/2021 17:05:05,58041.14
51,10/05/2021 17:05:06,58042.04
52,10/05/2021 17:05:07,58042.04
53,10/05/2021 17:05:08,58042.04
54,10/05/2021 17:05:09,58042.04
55,10/05/2021 17:04:47,58043.92
56,10/05/2021 17:04:48,58041.08
57,10/05/2021 17:04:50,58041.08
58,10/05/2021 17:04:51,58041.08
59,10/05/2021 17:04:52,58041.08
60,10/05/2021 17:04:53,58041.08
61,10/05/2021 17:04:54,58041.08
62,10/05/2021 17:04:55,58041.08
63,10/05/2021 17:04:56,58041.14
64,10/05/2021 17:04:57,58041.14
65,10/05/2021 17:04:58,58041.14
66,10/05/2021 17:04:36,58045.35
67,10/05/2021 17:04:37,58045.35
68,10/05/2021 17:04:38,58045.35
69,10/05/2021 17:04:39,58045.35
70,10/05/2021 17:04:40,58045.35
71,10/05/2021 17:04:41,58043.92
72,10/05/2021 17:04:42,58043.92
73,10/05/2021 17:04:43,58043.92
74,10/05/2021 17:04:44,58043.92
75,10/05/2021 17:04:45,58043.92
76,10/05/2021 17:04:46,58043.92
77,10/05/2021 17:04:25,58045.66
78,10/05/2021 17:04:26,58045.66
79,10/05/2021 17:04:27,58045.66
80,10/05/2021 17:04:28,58045.66
81,10/05/2021 17:04:29,58045.66
82,10/05/2021 17:04:30,58045.66
83,10/05/2021 17:04:31,58045.66
84,10/05/2021 17:04:32,58045.66
85,10/05/2021 17:04:33,58045.35
86,10/05/2021 17:04:34,58045.35
87,10/05/2021 17:04:35,58045.35
88,10/05/2021 17:04:13,58039.85
89,10/05/2021 17:04:14,58039.85
90,10/05/2021 17:04:15,58039.85
91,10/05/2021 17:04:16,58039.85
92,10/05/2021 17:04:17,58036.74
93,10/05/2021 17:04:18,58036.74
94,10/05/2021 17:04:19,58036.74
95,10/05/2021 17:04:21,58036.74
96,10/05/2021 17:04:22,58036.74
97,10/05/2021 17:04:23,58036.74
98,10/05/2021 17:04:24,58036.74
99,10/05/2021 17:04:02,58037.19
100,10/05/2021 17:04:03,58037.19
101,10/05/2021 17:04:04,58037.19
102,10/05/2021 17:04:05,58037.19
103,10/05/2021 17:04:06,58037.19
104,10/05/2021 17:04:07,58037.19
105,10/05/2021 17:04:08,58039.85
106,10/05/2021 17:04:09,58039.85
107,10/05/2021 17:04:10,58039.85
108,10/05/2021 17:04:11,58039.85
109,10/05/2021 17:04:12,58039.85
110,10/05/2021 17:03:50,58041.26
111,10/05/2021 17:03:52,58037.77
112,10/05/2021 17:03:53,58037.77
113,10/05/2021 17:03:54,58037.77
114,10/05/2021 17:03:55,58037.77
115,10/05/2021 17:03:56,58037.77
116,10/05/2021 17:03:57,58037.77
117,10/05/2021 17:03:58,58037.77
118,10/05/2021 17:03:59,58037.77
119,10/05/2021 17:04:00,58037.19
120,10/05/2021 17:04:01,58037.19
121,10/05/2021 17:03:39,58015.08
122,10/05/2021 17:03:40,58015.08
123,10/05/2021 17:03:41,58015.08
124,10/05/2021 17:03:42,58015.08
125,10/05/2021 17:03:43,58015.08
126,10/05/2021 17:03:44,58041.26
127,10/05/2021 17:03:45,58041.26
128,10/05/2021 17:03:46,58041.26
129,10/05/2021 17:03:47,58041.26
130,10/05/2021 17:03:48,58041.26
131,10/05/2021 17:03:49,58041.26
132,10/05/2021 17:03:28,58005.2
133,10/05/2021 17:03:29,58005.2
134,10/05/2021 17:03:30,58005.2
135,10/05/2021 17:03:31,58005.2
136,10/05/2021 17:03:32,58005.2
137,10/05/2021 17:03:33,58005.2
138,10/05/2021 17:03:34,58005.2
139,10/05/2021 17:03:35,58005.2
140,10/05/2021 17:03:36,58015.08
141,10/05/2021 17:03:37,58015.08
142,10/05/2021 17:03:38,58015.08
143,10/05/2021 17:03:16,58002.12
144,10/05/2021 17:03:17,58002.12
145,10/05/2021 17:03:18,58002.12
146,10/05/2021 17:03:19,58006.18
147,10/05/2021 17:03:20,58006.18
148,10/05/2021 17:03:21,58006.18
149,10/05/2021 17:03:22,58006.18
150,10/05/2021 17:03:23,58006.18
151,10/05/2021 17:03:24,58006.18
152,10/05/2021 17:03:25,58006.18
153,10/05/2021 17:03:27,58005.2
154,10/05/2021 17:03:04,58002.08
155,10/05/2021 17:03:05,58002.08
156,10/05/2021 17:03:06,58002.08
157,10/05/2021 17:03:07,58002.08
158,10/05/2021 17:03:09,58002.08
159,10/05/2021 17:03:10,58002.08
160,10/05/2021 17:03:11,58002.12
161,10/05/2021 17:03:12,58002.12
162,10/05/2021 17:03:13,58002.12
163,10/05/2021 17:03:14,58002.12
164,10/05/2021 17:03:15,58002.12
165,10/05/2021 17:02:53,58009.22
166,10/05/2021 17:02:54,58003.26
167,10/05/2021 17:02:55,58003.26
168,10/05/2021 17:02:56,58003.26
169,10/05/2021 17:02:57,58003.26
170,10/05/2021 17:02:58,58003.26
171,10/05/2021 17:02:59,58003.26
172,10/05/2021 17:03:00,58003.26
173,10/05/2021 17:03:01,58003.26
174,10/05/2021 17:03:02,58003.26
175,10/05/2021 17:03:03,58002.08
176,10/05/2021 17:02:42,58016.67
177,10/05/2021 17:02:43,58016.67
178,10/05/2021 17:02:44,58016.67
179,10/05/2021 17:02:45,58016.67
180,10/05/2021 17:02:46,58016.67
181,10/05/2021 17:02:47,58009.22
182,10/05/2021 17:02:48,58009.22
183,10/05/2021 17:02:49,58009.22
184,10/05/2021 17:02:50,58009.22
185,10/05/2021 17:02:51,58009.22
186,10/05/2021 17:02:52,58009.22
187,10/05/2021 17:02:30,58014.03
188,10/05/2021 17:02:31,58014.03
189,10/05/2021 17:02:32,58014.03
190,10/05/2021 17:02:33,58014.03
191,10/05/2021 17:02:34,58014.03
192,10/05/2021 17:02:35,58014.03
193,10/05/2021 17:02:36,58014.03
194,10/05/2021 17:02:37,58014.03
195,10/05/2021 17:02:38,58014.03
196,10/05/2021 17:02:39,58016.67
197,10/05/2021 17:02:41,58016.67
198,10/05/2021 17:02:19,58005.64
199,10/05/2021 17:02:20,58005.64
200,10/05/2021 17:02:21,58005.64
201,10/05/2021 17:02:22,58007.54
202,10/05/2021 17:02:23,58007.54
203,10/05/2021 17:02:24,58007.54
204,10/05/2021 17:02:25,58007.54
205,10/05/2021 17:02:26,58007.54
206,10/05/2021 17:02:27,58007.54
207,10/05/2021 17:02:28,58007.54
208,10/05/2021 17:02:29,58007.54
209,10/05/2021 17:02:07,58016.85
210,10/05/2021 17:02:08,58016.85
211,10/05/2021 17:02:09,58016.85
212,10/05/2021 17:02:10,58016.85
213,10/05/2021 17:02:12,58016.85
214,10/05/2021 17:02:13,58016.85
215,10/05/2021 17:02:14,58005.64
216,10/05/2021 17:02:15,58005.64
217,10/05/2021 17:02:16,58005.64
218,10/05/2021 17:02:17,58005.64
219,10/05/2021 17:02:18,58005.64
220,10/05/2021 17:01:56,58035.01
221,10/05/2021 17:01:57,58035.01
222,10/05/2021 17:01:58,58028.34
223,10/05/2021 17:01:59,58028.34
224,10/05/2021 17:02:00,58028.34
225,10/05/2021 17:02:01,58028.34
226,10/05/2021 17:02:02,58028.34
227,10/05/2021 17:02:03,58028.34
228,10/05/2021 17:02:04,58028.34
229,10/05/2021 17:02:05,58028.34
230,10/05/2021 17:02:06,58016.85
231,10/05/2021 17:01:45,58039.68
232,10/05/2021 17:01:46,58039.68
233,10/05/2021 17:01:47,58039.68
234,10/05/2021 17:01:48,58039.68
235,10/05/2021 17:01:49,58039.68
236,10/05/2021 17:01:50,58035.01
237,10/05/2021 17:01:51,58035.01
238,10/05/2021 17:01:52,58035.01
239,10/05/2021 17:01:53,58035.01
240,10/05/2021 17:01:54,58035.01
241,10/05/2021 17:01:55,58035.01
242,10/05/2021 17:01:33,58069.93
243,10/05/2021 17:01:34,58069.93
244,10/05/2021 17:01:35,58069.93
245,10/05/2021 17:01:36,58069.93
246,10/05/2021 17:01:37,58069.93
247,10/05/2021 17:01:38,58069.93
248,10/05/2021 17:01:39,58069.93
249,10/05/2021 17:01:40,58069.93
250,10/05/2021 17:01:41,58069.93
251,10/05/2021 17:01:42,58039.68
252,10/05/2021 17:01:44,58039.68
253,10/05/2021 17:01:22,58079.38
254,10/05/2021 17:01:23,58079.38
255,10/05/2021 17:01:24,58079.38
256,10/05/2021 17:01:25,58079.74
257,10/05/2021 17:01:26,58079.74
258,10/05/2021 17:01:27,58079.74
259,10/05/2021 17:01:28,58079.74
260,10/05/2021 17:01:29,58079.74
261,10/05/2021 17:01:30,58079.74
262,10/05/2021 17:01:31,58079.74
263,10/05/2021 17:01:32,58079.74
264,10/05/2021 17:01:10,58080.43
265,10/05/2021 17:01:11,58080.43
266,10/05/2021 17:01:12,58080.43
267,10/05/2021 17:01:13,58080.43
268,10/05/2021 17:01:14,58080.43
269,10/05/2021 17:01:16,58079.38
270,10/05/2021 17:01:17,58079.38
271,10/05/2021 17:01:18,58079.38
272,10/05/2021 17:01:19,58079.38
273,10/05/2021 17:01:20,58079.38
274,10/05/2021 17:01:21,58079.38
275,10/05/2021 17:00:59,58088.35
276,10/05/2021 17:01:00,58088.35
277,10/05/2021 17:01:01,58088.35
278,10/05/2021 17:01:02,58088.35
279,10/05/2021 17:01:03,58088.35
280,10/05/2021 17:01:04,58088.35
281,10/05/2021 17:01:05,58088.35
282,10/05/2021 17:01:06,58088.35
283,10/05/2021 17:01:07,58080.43
284,10/05/2021 17:01:08,58080.43
285,10/05/2021 17:01:09,58080.43
286,10/05/2021 17:00:48,58133.71
287,10/05/2021 17:00:49,58133.71
288,10/05/2021 17:00:50,58133.71
289,10/05/2021 17:00:51,58123.29
290,10/05/2021 17:00:52,58123.29
291,10/05/2021 17:00:53,58123.29
292,10/05/2021 17:00:54,58123.29
293,10/05/2021 17:00:55,58123.29
294,10/05/2021 17:00:56,58123.29
295,10/05/2021 17:00:57,58123.29
296,10/05/2021 17:00:58,58123.29
297,10/05/2021 17:00:36,58154.5
298,10/05/2021 17:00:37,58154.5
299,10/05/2021 17:00:38,58154.5
300,10/05/2021 17:00:39,58154.5
301,10/05/2021 17:00:40,58154.5
302,10/05/2021 17:00:41,58154.5
303,10/05/2021 17:00:42,58154.5
304,10/05/2021 17:00:43,58133.71
305,10/05/2021 17:00:44,58133.71
306,10/05/2021 17:00:45,58133.71
307,10/05/2021 17:00:46,58133.71
308,10/05/2021 17:00:25,58159.53
309,10/05/2021 17:00:26,58157.73
310,10/05/2021 17:00:27,58157.73
311,10/05/2021 17:00:28,58157.73
312,10/05/2021 17:00:29,58157.73
313,10/05/2021 17:00:30,58157.73
314,10/05/2021 17:00:31,58157.73
315,10/05/2021 17:00:32,58157.73
316,10/05/2021 17:00:33,58157.73
317,10/05/2021 17:00:34,58157.73
318,10/05/2021 17:00:35,58154.5
319,10/05/2021 17:00:13,58158.96
320,10/05/2021 17:00:14,58158.96
321,10/05/2021 17:00:15,58158.96
322,10/05/2021 17:00:16,58159.53
323,10/05/2021 17:00:18,58159.53
324,10/05/2021 17:00:19,58159.53
325,10/05/2021 17:00:20,58159.53
326,10/05/2021 17:00:21,58159.53
327,10/05/2021 17:00:22,58159.53
328,10/05/2021 17:00:23,58159.53
329,10/05/2021 17:00:24,58159.53
330,10/05/2021 17:00:02,58158.82
331,10/05/2021 17:00:03,58158.82
332,10/05/2021 17:00:04,58158.82
333,10/05/2021 17:00:05,58158.96
334,10/05/2021 17:00:06,58158.96
335,10/05/2021 17:00:07,58158.96
336,10/05/2021 17:00:08,58158.96
337,10/05/2021 17:00:09,58158.96
338,10/05/2021 17:00:10,58158.96
339,10/05/2021 17:00:11,58158.96
340,10/05/2021 17:00:12,58158.96
341,10/05/2021 16:59:51,58152.1
342,10/05/2021 16:59:52,58152.1
343,10/05/2021 16:59:53,58152.1
344,10/05/2021 16:59:54,58152.1
345,10/05/2021 16:59:55,58152.1
346,10/05/2021 16:59:56,58158.82
347,10/05/2021 16:59:57,58158.82
348,10/05/2021 16:59:58,58158.82
349,10/05/2021 16:59:59,58158.82
350,10/05/2021 17:00:00,58158.82
351,10/05/2021 17:00:01,58158.82
352,10/05/2021 16:59:39,58119.95
353,10/05/2021 16:59:40,58119.95
354,10/05/2021 16:59:41,58119.95
355,10/05/2021 16:59:42,58144.37
356,10/05/2021 16:59:43,58144.37
357,10/05/2021 16:59:44,58144.37
358,10/05/2021 16:59:45,58144.37
359,10/05/2021 16:59:46,58144.37
360,10/05/2021 16:59:47,58144.37
361,10/05/2021 16:59:48,58152.1
362,10/05/2021 16:59:50,58152.1
363,10/05/2021 16:59:28,58111.24
364,10/05/2021 16:59:29,58111.24
365,10/05/2021 16:59:30,58111.24
366,10/05/2021 16:59:31,58111.24
367,10/05/2021 16:59:32,58111.24
368,10/05/2021 16:59:33,58111.24
369,10/05/2021 16:59:34,58111.24
370,10/05/2021 16:59:35,58119.95
371,10/05/2021 16:59:36,58119.95
372,10/05/2021 16:59:37,58119.95
373,10/05/2021 16:59:38,58119.95
374,10/05/2021 16:59:16,58097.38
375,10/05/2021 16:59:17,58097.38
376,10/05/2021 16:59:18,58097.38
377,10/05/2021 16:59:19,58097.38
378,10/05/2021 16:59:20,58106.19
379,10/05/2021 16:59:21,58106.19
380,10/05/2021 16:59:23,58106.19
381,10/05/2021 16:59:24,58106.19
382,10/05/2021 16:59:25,58106.19
383,10/05/2021 16:59:26,58106.19
384,10/05/2021 16:59:27,58111.24
385,10/05/2021 16:59:05,58095.63
386,10/05/2021 16:59:06,58095.63
387,10/05/2021 16:59:07,58095.63
388,10/05/2021 16:59:08,58095.63
389,10/05/2021 16:59:09,58095.63
390,10/05/2021 16:59:10,58095.63
391,10/05/2021 16:59:11,58095.63
392,10/05/2021 16:59:12,58097.38
393,10/05/2021 16:59:13,58097.38
394,10/05/2021 16:59:14,58097.38
395,10/05/2021 16:59:15,58097.38
396,10/05/2021 16:58:53,58098.73
397,10/05/2021 16:58:54,58098.73
398,10/05/2021 16:58:55,58098.73
399,10/05/2021 16:58:56,58091.92
400,10/05/2021 16:58:58,58091.92
401,10/05/2021 16:58:59,58091.92
402,10/05/2021 16:59:00,58091.92
403,10/05/2021 16:59:01,58091.92
404,10/05/2021 16:59:02,58091.92
405,10/05/2021 16:59:03,58091.92
406,10/05/2021 16:59:04,58091.92
407,10/05/2021 16:58:42,58118.38
408,10/05/2021 16:58:43,58105.74
409,10/05/2021 16:58:44,58105.74
410,10/05/2021 16:58:45,58105.74
411,10/05/2021 16:58:46,58105.74
412,10/05/2021 16:58:47,58105.74
413,10/05/2021 16:58:48,58105.74
414,10/05/2021 16:58:49,58105.74
415,10/05/2021 16:58:50,58098.73
416,10/05/2021 16:58:51,58098.73
417,10/05/2021 16:58:52,58098.73
418,10/05/2021 16:58:31,58124.12
419,10/05/2021 16:58:32,58124.12
420,10/05/2021 16:58:33,58124.12
421,10/05/2021 16:58:34,58124.12
422,10/05/2021 16:58:35,58124.12
423,10/05/2021 16:58:36,58118.38
424,10/05/2021 16:58:37,58118.38
425,10/05/2021 16:58:38,58118.38
426,10/05/2021 16:58:39,58118.38
427,10/05/2021 16:58:40,58118.38
428,10/05/2021 16:58:41,58118.38
429,10/05/2021 16:58:19,58127.52
430,10/05/2021 16:58:20,58127.52
431,10/05/2021 16:58:21,58127.52
432,10/05/2021 16:58:22,58125.06
433,10/05/2021 16:58:23,58125.06
434,10/05/2021 16:58:24,58125.06
435,10/05/2021 16:58:25,58125.06
436,10/05/2021 16:58:27,58125.06
437,10/05/2021 16:58:28,58125.06
438,10/05/2021 16:58:29,58125.06
439,10/05/2021 16:58:30,58124.12
440,10/05/2021 16:58:08,58127.45
441,10/05/2021 16:58:09,58127.45
442,10/05/2021 16:58:10,58127.45
443,10/05/2021 16:58:11,58127.45
444,10/05/2021 16:58:12,58127.45
445,10/05/2021 16:58:13,58127.45
446,10/05/2021 16:58:14,58127.45
447,10/05/2021 16:58:15,58127.52
448,10/05/2021 16:58:16,58127.52
449,10/05/2021 16:58:17,58127.52
450,10/05/2021 16:58:18,58127.52
451,10/05/2021 16:57:56,58126.77
452,10/05/2021 16:57:57,58126.77
453,10/05/2021 16:57:58,58126.77
454,10/05/2021 16:57:59,58126.77
455,10/05/2021 16:58:00,58127.56
456,10/05/2021 16:58:01,58127.56
457,10/05/2021 16:58:03,58127.56
458,10/05/2021 16:58:04,58127.56
459,10/05/2021 16:58:05,58127.56
460,10/05/2021 16:58:06,58127.56
461,10/05/2021 16:58:07,58127.56
462,10/05/2021 16:57:45,58126.79
463,10/05/2021 16:57:46,58127.12
464,10/05/2021 16:57:47,58127.12
465,10/05/2021 16:57:48,58127.12
466,10/05/2021 16:57:49,58127.12
467,10/05/2021 16:57:50,58127.12
468,10/05/2021 16:57:51,58127.12
469,10/05/2021 16:57:52,58127.12
470,10/05/2021 16:57:53,58126.77
471,10/05/2021 16:57:54,58126.77
472,10/05/2021 16:57:55,58126.77
473,10/05/2021 16:57:33,58129.87
474,10/05/2021 16:57:35,58129.87
475,10/05/2021 16:57:36,58129.87
476,10/05/2021 16:57:37,58129.87
477,10/05/2021 16:57:38,58126.79
478,10/05/2021 16:57:39,58126.79
479,10/05/2021 16:57:40,58126.79
480,10/05/2021 16:57:41,58126.79
481,10/05/2021 16:57:42,58126.79
482,10/05/2021 16:57:43,58126.79
483,10/05/2021 16:57:44,58126.79
484,10/05/2021 16:57:22,58129.82
485,10/05/2021 16:57:23,58129.82
486,10/05/2021 16:57:24,58129.82
487,10/05/2021 16:57:25,58129.82
488,10/05/2021 16:57:26,58129.82
489,10/05/2021 16:57:27,58129.82
490,10/05/2021 16:57:28,58129.82
491,10/05/2021 16:57:29,58129.87
492,10/05/2021 16:57:30,58129.87
493,10/05/2021 16:57:31,58129.87
494,10/05/2021 16:57:32,58129.87
495,10/05/2021 16:57:11,58138.2
496,10/05/2021 16:57:12,58138.2
497,10/05/2021 16:57:13,58138.2
498,10/05/2021 16:57:14,58138.2
499,10/05/2021 16:57:15,58131.45
500,10/05/2021 16:57:16,58131.45
501,10/05/2021 16:57:17,58131.45
502,10/05/2021 16:57:18,58131.45
503,10/05/2021 16:57:19,58131.45
504,10/05/2021 16:57:20,58131.45
505,10/05/2021 16:57:21,58131.45
506,10/05/2021 16:56:59,58142.27
507,10/05/2021 16:57:00,58142.27
508,10/05/2021 16:57:01,58142.27
509,10/05/2021 16:57:02,58142.27
510,10/05/2021 16:57:03,58142.27
511,10/05/2021 16:57:04,58142.27
512,10/05/2021 16:57:05,58142.27
513,10/05/2021 16:57:07,58142.27
514,10/05/2021 16:57:08,58138.2
515,10/05/2021 16:57:09,58138.2
516,10/05/2021 16:57:10,58138.2
517,10/05/2021 16:56:48,58148.84
518,10/05/2021 16:56:49,58148.84
519,10/05/2021 16:56:50,58148.84
520,10/05/2021 16:56:51,58148.84
521,10/05/2021 16:56:52,58148.84
522,10/05/2021 16:56:53,58148.87
523,10/05/2021 16:56:54,58148.87
524,10/05/2021 16:56:55,58148.87
525,10/05/2021 16:56:56,58148.87
526,10/05/2021 16:56:57,58148.87
527,10/05/2021 16:56:58,58148.87
528,10/05/2021 16:56:36,58144.59
529,10/05/2021 16:56:37,58144.59
530,10/05/2021 16:56:38,58148.51
531,10/05/2021 16:56:39,58148.51
532,10/05/2021 16:56:40,58148.51
533,10/05/2021 16:56:41,58148.51
534,10/05/2021 16:56:43,58148.51
535,10/05/2021 16:56:44,58148.51
536,10/05/2021 16:56:45,58148.51
537,10/05/2021 16:56:46,58148.84
538,10/05/2021 16:56:47,58148.84
539,10/05/2021 16:56:25,58146.42
540,10/05/2021 16:56:26,58146.42
541,10/05/2021 16:56:27,58146.42
542,10/05/2021 16:56:28,58146.42
543,10/05/2021 16:56:29,58146.42
544,10/05/2021 16:56:30,58146.42
545,10/05/2021 16:56:31,58144.59
546,10/05/2021 16:56:32,58144.59
547,10/05/2021 16:56:33,58144.59
548,10/05/2021 16:56:34,58144.59
549,10/05/2021 16:56:35,58144.59
550,10/05/2021 16:56:14,58153.03
551,10/05/2021 16:56:15,58153.03
552,10/05/2021 16:56:16,58145.57
553,10/05/2021 16:56:17,58145.57
554,10/05/2021 16:56:18,58145.57
555,10/05/2021 16:56:19,58145.57
556,10/05/2021 16:56:20,58145.57
557,10/05/2021 16:56:21,58145.57
558,10/05/2021 16:56:22,58145.57
559,10/05/2021 16:56:23,58146.42
560,10/05/2021 16:56:24,58146.42
561,10/05/2021 16:56:02,58156.18
562,10/05/2021 16:56:03,58156.18
563,10/05/2021 16:56:04,58156.18
564,10/05/2021 16:56:05,58156.18
565,10/05/2021 16:56:06,58156.18
566,10/05/2021 16:56:07,58153.03
567,10/05/2021 16:56:08,58153.03
568,10/05/2021 16:56:09,58153.03
569,10/05/2021 16:56:10,58153.03
570,10/05/2021 16:56:11,58153.03
571,10/05/2021 16:56:12,58153.03
572,10/05/2021 16:55:51,58155.78
573,10/05/2021 16:55:52,58155.78
574,10/05/2021 16:55:53,58155.78
575,10/05/2021 16:55:54,58156.05
576,10/05/2021 16:55:55,58156.05
577,10/05/2021 16:55:56,58156.05
578,10/05/2021 16:55:57,58156.05
579,10/05/2021 16:55:58,58156.05
580,10/05/2021 16:55:59,58156.05
581,10/05/2021 16:56:00,58156.18
582,10/05/2021 16:56:01,58156.18
583,10/05/2021 16:55:39,58161.44
584,10/05/2021 16:55:40,58153.53
585,10/05/2021 16:55:41,58153.53
586,10/05/2021 16:55:42,58153.53
587,10/05/2021 16:55:43,58153.53
588,10/05/2021 16:55:44,58153.53
589,10/05/2021 16:55:45,58153.53
590,10/05/2021 16:55:47,58153.53
591,10/05/2021 16:55:48,58155.78
592,10/05/2021 16:55:49,58155.78
593,10/05/2021 16:55:50,58155.78
594,10/05/2021 16:55:28,58164.42
595,10/05/2021 16:55:29,58164.42
596,10/05/2021 16:55:30,58164.42
597,10/05/2021 16:55:31,58164.42
598,10/05/2021 16:55:32,58164.42
599,10/05/2021 16:55:33,58161.44
600,10/05/2021 16:55:34,58161.44
601,10/05/2021 16:55:35,58161.44
602,10/05/2021 16:55:36,58161.44
603,10/05/2021 16:55:37,58161.44
604,10/05/2021 16:55:38,58161.44
605,10/05/2021 16:55:16,58184.78
606,10/05/2021 16:55:17,58184.78
607,10/05/2021 16:55:18,58184.78
608,10/05/2021 16:55:19,58184.78
609,10/05/2021 16:55:21,58184.78
610,10/05/2021 16:55:22,58184.78
611,10/05/2021 16:55:23,58184.78
612,10/05/2021 16:55:24,58184.78
613,10/05/2021 16:55:25,58164.42
614,10/05/2021 16:55:26,58164.42
615,10/05/2021 16:55:27,58164.42
616,10/05/2021 16:55:05,58195.03
617,10/05/2021 16:55:06,58195.03
618,10/05/2021 16:55:07,58195.03
619,10/05/2021 16:55:08,58189.16
620,10/05/2021 16:55:09,58189.16
621,10/05/2021 16:55:10,58189.16
622,10/05/2021 16:55:11,58189.16
623,10/05/2021 16:55:12,58189.16
624,10/05/2021 16:55:13,58189.16
625,10/05/2021 16:55:14,58189.16
626,10/05/2021 16:55:15,58189.16
627,10/05/2021 16:54:54,58195.03
628,10/05/2021 16:54:55,58195.03
629,10/05/2021 16:54:56,58195.03
630,10/05/2021 16:54:57,58195.03
631,10/05/2021 16:54:58,58195.03
632,10/05/2021 16:54:59,58195.03
633,10/05/2021 16:55:00,58195.03
634,10/05/2021 16:55:01,58195.03
635,10/05/2021 16:55:02,58195.03
636,10/05/2021 16:55:03,58195.03
637,10/05/2021 16:55:04,58195.03
638,10/05/2021 16:54:42,58192.36
639,10/05/2021 16:54:43,58192.36
640,10/05/2021 16:54:44,58190.88
641,10/05/2021 16:54:45,58190.88
642,10/05/2021 16:54:46,58190.88
643,10/05/2021 16:54:47,58190.88
644,10/05/2021 16:54:48,58190.88
645,10/05/2021 16:54:49,58190.88
646,10/05/2021 16:54:50,58190.88
647,10/05/2021 16:54:52,58195.03
648,10/05/2021 16:54:53,58195.03
649,10/05/2021 16:54:31,58195.76
650,10/05/2021 16:54:32,58195.76
651,10/05/2021 16:54:33,58195.76
652,10/05/2021 16:54:34,58195.76
653,10/05/2021 16:54:35,58195.76
654,10/05/2021 16:54:36,58195.76
655,10/05/2021 16:54:37,58192.36
656,10/05/2021 16:54:38,58192.36
657,10/05/2021 16:54:39,58192.36
658,10/05/2021 16:54:40,58192.36
659,10/05/2021 16:54:41,58192.36
660,10/05/2021 16:54:19,58178.75
661,10/05/2021 16:54:20,58178.75
662,10/05/2021 16:54:21,58178.75
663,10/05/2021 16:54:22,58197.34
664,10/05/2021 16:54:23,58197.34
665,10/05/2021 16:54:24,58197.34
666,10/05/2021 16:54:25,58197.34
667,10/05/2021 16:54:26,58197.34
668,10/05/2021 16:54:28,58197.34
669,10/05/2021 16:54:29,58197.34
670,10/05/2021 16:54:30,58197.34
671,10/05/2021 16:54:08,58176.09
672,10/05/2021 16:54:09,58176.09
673,10/05/2021 16:54:10,58176.09
674,10/05/2021 16:54:11,58176.09
675,10/05/2021 16:54:12,58176.09
676,10/05/2021 16:54:13,58176.09
677,10/05/2021 16:54:14,58178.75
678,10/05/2021 16:54:15,58178.75
679,10/05/2021 16:54:16,58178.75
680,10/05/2021 16:54:17,58178.75
681,10/05/2021 16:54:18,58178.75
682,10/05/2021 16:53:56,58195.64
683,10/05/2021 16:53:57,58195.64
684,10/05/2021 16:53:58,58195.64
685,10/05/2021 16:54:00,58182.54
686,10/05/2021 16:54:01,58182.54
687,10/05/2021 16:54:02,58182.54
688,10/05/2021 16:54:03,58182.54
689,10/05/2021 16:54:04,58182.54
690,10/05/2021 16:54:05,58182.54
691,10/05/2021 16:54:06,58182.54
692,10/05/2021 16:54:07,58176.09
693,10/05/2021 16:53:45,58199.21
694,10/05/2021 16:53:46,58199.21
695,10/05/2021 16:53:47,58199.21
696,10/05/2021 16:53:48,58199.21
697,10/05/2021 16:53:49,58199.21
698,10/05/2021 16:53:50,58199.21
699,10/05/2021 16:53:51,58195.64
700,10/05/2021 16:53:52,58195.64
701,10/05/2021 16:53:53,58195.64
702,10/05/2021 16:53:54,58195.64
703,10/05/2021 16:53:55,58195.64
704,10/05/2021 16:53:34,58211.73
705,10/05/2021 16:53:35,58211.73
706,10/05/2021 16:53:36,58211.73
707,10/05/2021 16:53:37,58207.75
708,10/05/2021 16:53:38,58207.75
709,10/05/2021 16:53:39,58207.75
710,10/05/2021 16:53:40,58207.75
711,10/05/2021 16:53:41,58207.75
712,10/05/2021 16:53:42,58207.75
713,10/05/2021 16:53:43,58199.21
714,10/05/2021 16:53:44,58199.21
715,10/05/2021 16:53:22,58214.44
716,10/05/2021 16:53:23,58214.44
717,10/05/2021 16:53:24,58214.44
718,10/05/2021 16:53:25,58214.44
719,10/05/2021 16:53:26,58214.44
720,10/05/2021 16:53:27,58211.73
721,10/05/2021 16:53:28,58211.73
722,10/05/2021 16:53:29,58211.73
723,10/05/2021 16:53:31,58211.73
724,10/05/2021 16:53:32,58211.73
725,10/05/2021 16:53:33,58211.73
726,10/05/2021 16:53:11,58213.9
727,10/05/2021 16:53:12,58213.9
728,10/05/2021 16:53:13,58213.9
729,10/05/2021 16:53:14,58214.36
730,10/05/2021 16:53:15,58214.36
731,10/05/2021 16:53:16,58214.36
732,10/05/2021 16:53:17,58214.36
733,10/05/2021 16:53:18,58214.36
734,10/05/2021 16:53:19,58214.36
735,10/05/2021 16:53:20,58214.36
736,10/05/2021 16:53:21,58214.44
737,10/05/2021 16:52:59,58219.57
738,10/05/2021 16:53:00,58219.57
739,10/05/2021 16:53:02,58219.57
740,10/05/2021 16:53:03,58219.57
741,10/05/2021 16:53:04,58219.57
742,10/05/2021 16:53:05,58219.57
743,10/05/2021 16:53:06,58219.57
744,10/05/2021 16:53:07,58213.9
745,10/05/2021 16:53:08,58213.9
746,10/05/2021 16:53:09,58213.9
747,10/05/2021 16:53:10,58213.9
748,10/05/2021 16:52:48,58234.66
749,10/05/2021 16:52:49,58234.66
750,10/05/2021 16:52:50,58221.74
751,10/05/2021 16:52:51,58221.74
752,10/05/2021 16:52:52,58221.74
753,10/05/2021 16:52:53,58221.74
754,10/05/2021 16:52:54,58221.74
755,10/05/2021 16:52:55,58221.74
756,10/05/2021 16:52:56,58221.74
757,10/05/2021 16:52:57,58221.74
758,10/05/2021 16:52:58,58219.57
759,10/05/2021 16:52:37,58245.92
760,10/05/2021 16:52:38,58245.92
761,10/05/2021 16:52:39,58245.92
762,10/05/2021 16:52:40,58245.92
763,10/05/2021 16:52:41,58245.92
764,10/05/2021 16:52:42,58245.92
765,10/05/2021 16:52:43,58234.66
766,10/05/2021 16:52:44,58234.66
767,10/05/2021 16:52:45,58234.66
768,10/05/2021 16:52:46,58234.66
769,10/05/2021 16:52:47,58234.66
770,10/05/2021 16:52:25,58238.93
771,10/05/2021 16:52:26,58238.93
772,10/05/2021 16:52:27,58239.25
773,10/05/2021 16:52:28,58239.25
774,10/05/2021 16:52:29,58239.25
775,10/05/2021 16:52:30,58239.25
776,10/05/2021 16:52:31,58239.25
777,10/05/2021 16:52:33,58239.25
778,10/05/2021 16:52:34,58239.25
779,10/05/2021 16:52:35,58245.92
780,10/05/2021 16:52:36,58245.92
781,10/05/2021 16:52:14,58237.66
782,10/05/2021 16:52:15,58237.66
783,10/05/2021 16:52:16,58237.66
784,10/05/2021 16:52:17,58237.66
785,10/05/2021 16:52:18,58237.66
786,10/05/2021 16:52:19,58238.93
787,10/05/2021 16:52:20,58238.93
788,10/05/2021 16:52:21,58238.93
789,10/05/2021 16:52:22,58238.93
790,10/05/2021 16:52:23,58238.93
791,10/05/2021 16:52:24,58238.93
792,10/05/2021 16:52:02,58234.04
793,10/05/2021 16:52:04,58234.04
794,10/05/2021 16:52:05,58234.04
795,10/05/2021 16:52:06,58240.04
796,10/05/2021 16:52:07,58240.04
797,10/05/2021 16:52:08,58240.04
798,10/05/2021 16:52:09,58240.04
799,10/05/2021 16:52:10,58240.04
800,10/05/2021 16:52:11,58240.04
801,10/05/2021 16:52:12,58240.04
802,10/05/2021 16:52:13,58237.66
803,10/05/2021 16:51:51,58237.44
804,10/05/2021 16:51:52,58237.44
805,10/05/2021 16:51:53,58237.44
806,10/05/2021 16:51:54,58237.44
807,10/05/2021 16:51:55,58237.44
808,10/05/2021 16:51:56,58237.44
809,10/05/2021 16:51:57,58237.44
810,10/05/2021 16:51:58,58234.04
811,10/05/2021 16:51:59,58234.04
812,10/05/2021 16:52:00,58234.04
813,10/05/2021 16:52:01,58234.04
814,10/05/2021 16:51:40,58228.92
815,10/05/2021 16:51:41,58228.92
816,10/05/2021 16:51:42,58228.92
817,10/05/2021 16:51:43,58234.35
818,10/05/2021 16:51:44,58234.35
819,10/05/2021 16:51:45,58234.35
820,10/05/2021 16:51:46,58234.35
821,10/05/2021 16:51:47,58234.35
822,10/05/2021 16:51:48,58234.35
823,10/05/2021 16:51:49,58234.35
824,10/05/2021 16:51:50,58234.35
825,10/05/2021 16:51:28,58269.02
826,10/05/2021 16:51:29,58269.02
827,10/05/2021 16:51:30,58269.02
828,10/05/2021 16:51:31,58269.02
829,10/05/2021 16:51:32,58269.02
830,10/05/2021 16:51:34,58269.02
831,10/05/2021 16:51:35,58228.92
832,10/05/2021 16:51:36,58228.92
833,10/05/2021 16:51:37,58228.92
834,10/05/2021 16:51:38,58228.92
835,10/05/2021 16:51:39,58228.92
836,10/05/2021 16:51:17,58269.34
837,10/05/2021 16:51:18,58269.34
838,10/05/2021 16:51:19,58269.34
839,10/05/2021 16:51:20,58270.41
840,10/05/2021 16:51:21,58270.41
841,10/05/2021 16:51:22,58270.41
842,10/05/2021 16:51:23,58270.41
843,10/05/2021 16:51:24,58270.41
844,10/05/2021 16:51:25,58270.41
845,10/05/2021 16:51:26,58270.41
846,10/05/2021 16:51:27,58269.02
847,10/05/2021 16:51:06,58266.5
848,10/05/2021 16:51:07,58269.33
849,10/05/2021 16:51:08,58269.33
850,10/05/2021 16:51:09,58269.33
851,10/05/2021 16:51:10,58269.33
852,10/05/2021 16:51:11,58269.33
853,10/05/2021 16:51:12,58269.33
854,10/05/2021 16:51:13,58269.34
855,10/05/2021 16:51:14,58269.34
856,10/05/2021 16:51:15,58269.34
857,10/05/2021 16:51:16,58269.34
858,10/05/2021 16:50:54,58265.85
859,10/05/2021 16:50:55,58265.85
860,10/05/2021 16:50:56,58265.85
861,10/05/2021 16:50:57,58265.85
862,10/05/2021 16:50:58,58266.5
863,10/05/2021 16:50:59,58266.5
864,10/05/2021 16:51:00,58266.5
865,10/05/2021 16:51:01,58266.5
866,10/05/2021 16:51:02,58266.5
867,10/05/2021 16:51:03,58266.5
868,10/05/2021 16:51:04,58266.5
869,10/05/2021 16:50:43,58270.8
870,10/05/2021 16:50:44,58265.33
871,10/05/2021 16:50:45,58265.33
872,10/05/2021 16:50:46,58265.33
873,10/05/2021 16:50:47,58265.33
874,10/05/2021 16:50:48,58265.33
875,10/05/2021 16:50:49,58265.33
876,10/05/2021 16:50:50,58265.33
877,10/05/2021 16:50:51,58265.85
878,10/05/2021 16:50:52,58265.85
879,10/05/2021 16:50:53,58265.85
880,10/05/2021 16:50:31,58280.67
881,10/05/2021 16:50:32,58280.67
882,10/05/2021 16:50:33,58280.67
883,10/05/2021 16:50:34,58280.67
884,10/05/2021 16:50:35,58280.67
885,10/05/2021 16:50:36,58270.8
886,10/05/2021 16:50:38,58270.8
887,10/05/2021 16:50:39,58270.8
888,10/05/2021 16:50:40,58270.8
889,10/05/2021 16:50:41,58270.8
890,10/05/2021 16:50:42,58270.8
891,10/05/2021 16:50:20,58287.99
892,10/05/2021 16:50:21,58287.99
893,10/05/2021 16:50:22,58280.12
894,10/05/2021 16:50:23,58280.12
895,10/05/2021 16:50:24,58280.12
896,10/05/2021 16:50:25,58280.12
897,10/05/2021 16:50:26,58280.12
898,10/05/2021 16:50:27,58280.12
899,10/05/2021 16:50:28,58280.12
900,10/05/2021 16:50:29,58280.67
901,10/05/2021 16:50:30,58280.67
902,10/05/2021 16:50:08,58285.44
903,10/05/2021 16:50:10,58285.44
904,10/05/2021 16:50:11,58285.44
905,10/05/2021 16:50:12,58285.44
906,10/05/2021 16:50:13,58285.44
907,10/05/2021 16:50:14,58285.44
908,10/05/2021 16:50:15,58287.99
909,10/05/2021 16:50:16,58287.99
910,10/05/2021 16:50:17,58287.99
911,10/05/2021 16:50:18,58287.99
912,10/05/2021 16:50:19,58287.99
913,10/05/2021 16:49:57,58295.73
914,10/05/2021 16:49:58,58290.38
915,10/05/2021 16:49:59,58290.38
916,10/05/2021 16:50:00,58290.38
917,10/05/2021 16:50:01,58290.38
918,10/05/2021 16:50:02,58290.38
919,10/05/2021 16:50:03,58290.38
920,10/05/2021 16:50:04,58290.38
921,10/05/2021 16:50:05,58290.38
922,10/05/2021 16:50:06,58290.38
923,10/05/2021 16:50:07,58285.44
924,10/05/2021 16:49:46,58296.27
925,10/05/2021 16:49:47,58296.27
926,10/05/2021 16:49:48,58296.27
927,10/05/2021 16:49:49,58296.27
928,10/05/2021 16:49:50,58296.27
929,10/05/2021 16:49:51,58295.73
930,10/05/2021 16:49:52,58295.73
931,10/05/2021 16:49:53,58295.73
932,10/05/2021 16:49:54,58295.73
933,10/05/2021 16:49:55,58295.73
934,10/05/2021 16:49:56,58295.73
935,10/05/2021 16:49:34,58306.38
936,10/05/2021 16:49:35,58310.04
937,10/05/2021 16:49:36,58310.04
938,10/05/2021 16:49:37,58310.04
939,10/05/2021 16:49:38,58310.04
940,10/05/2021 16:49:39,58310.04
941,10/05/2021 16:49:40,58310.04
942,10/05/2021 16:49:41,58310.04
943,10/05/2021 16:49:42,58296.27
944,10/05/2021 16:49:43,58296.27
945,10/05/2021 16:49:44,58296.27
946,10/05/2021 16:49:23,58306.37
947,10/05/2021 16:49:24,58306.37
948,10/05/2021 16:49:25,58306.37
949,10/05/2021 16:49:26,58306.37
950,10/05/2021 16:49:27,58306.38
951,10/05/2021 16:49:28,58306.38
952,10/05/2021 16:49:29,58306.38
953,10/05/2021 16:49:30,58306.38
954,10/05/2021 16:49:31,58306.38
955,10/05/2021 16:49:32,58306.38
956,10/05/2021 16:49:33,58306.38
957,10/05/2021 16:49:11,58302.28
958,10/05/2021 16:49:12,58305.46
959,10/05/2021 16:49:13,58305.46
960,10/05/2021 16:49:14,58305.46
961,10/05/2021 16:49:15,58305.46
962,10/05/2021 16:49:17,58305.46
963,10/05/2021 16:49:18,58305.46
964,10/05/2021 16:49:19,58305.46
965,10/05/2021 16:49:20,58306.37
966,10/05/2021 16:49:21,58306.37
967,10/05/2021 16:49:22,58306.37
968,10/05/2021 16:49:00,58315.69
969,10/05/2021 16:49:01,58315.69
970,10/05/2021 16:49:02,58315.69
971,10/05/2021 16:49:03,58315.69
972,10/05/2021 16:49:04,58315.69
973,10/05/2021 16:49:05,58302.28
974,10/05/2021 16:49:06,58302.28
975,10/05/2021 16:49:07,58302.28
976,10/05/2021 16:49:08,58302.28
977,10/05/2021 16:49:09,58302.28
978,10/05/2021 16:49:10,58302.28
979,10/05/2021 16:48:49,58326.8
980,10/05/2021 16:48:50,58316.5
981,10/05/2021 16:48:51,58316.5
982,10/05/2021 16:48:52,58316.5
983,10/05/2021 16:48:53,58316.5
984,10/05/2021 16:48:54,58316.5
985,10/05/2021 16:48:55,58316.5
986,10/05/2021 16:48:56,58316.5
987,10/05/2021 16:48:57,58315.69
988,10/05/2021 16:48:58,58315.69
989,10/05/2021 16:48:59,58315.69
990,10/05/2021 16:48:37,58326.08
991,10/05/2021 16:48:38,58326.08
992,10/05/2021 16:48:39,58326.08
993,10/05/2021 16:48:40,58326.08
994,10/05/2021 16:48:41,58326.08
995,10/05/2021 16:48:42,58326.8
996,10/05/2021 16:48:43,58326.8
997,10/05/2021 16:48:44,58326.8
998,10/05/2021 16:48:45,58326.8
999,10/05/2021 16:48:47,58326.8
1000,10/05/2021 16:48:48,58326.8
1001,10/05/2021 16:48:26,58273.19
1002,10/05/2021 16:48:27,58273.19
1003,10/05/2021 16:48:28,58322.44
1004,10/05/2021 16:48:29,58322.44
1005,10/05/2021 16:48:30,58322.44
1006,10/05/2021 16:48:31,58322.44
1007,10/05/2021 16:48:32,58322.44
1008,10/05/2021 16:48:33,58322.44
1009,10/05/2021 16:48:34,58322.44
1010,10/05/2021 16:48:35,58326.08
1011,10/05/2021 16:48:36,58326.08
1012,10/05/2021 16:48:14,58273.55
1013,10/05/2021 16:48:15,58273.55
1014,10/05/2021 16:48:16,58273.55
1015,10/05/2021 16:48:17,58273.55
1016,10/05/2021 16:48:18,58273.55
1017,10/05/2021 16:48:19,58273.55
1018,10/05/2021 16:48:20,58273.19
1019,10/05/2021 16:48:21,58273.19
1020,10/05/2021 16:48:22,58273.19
1021,10/05/2021 16:48:24,58273.19
1022,10/05/2021 16:48:25,58273.19
1023,10/05/2021 16:48:03,58269.73
1024,10/05/2021 16:48:04,58269.73
1025,10/05/2021 16:48:05,58272.96
1026,10/05/2021 16:48:06,58272.96
1027,10/05/2021 16:48:07,58272.96
1028,10/05/2021 16:48:08,58272.96
1029,10/05/2021 16:48:09,58272.96
1030,10/05/2021 16:48:10,58272.96
1031,10/05/2021 16:48:11,58272.96
1032,10/05/2021 16:48:12,58273.55
1033,10/05/2021 16:48:13,58273.55
1034,10/05/2021 16:47:51,58276.66
1035,10/05/2021 16:47:52,58276.66
1036,10/05/2021 16:47:53,58276.66
1037,10/05/2021 16:47:54,58276.66
1038,10/05/2021 16:47:55,58276.66
1039,10/05/2021 16:47:57,58269.73
1040,10/05/2021 16:47:58,58269.73
1041,10/05/2021 16:47:59,58269.73
1042,10/05/2021 16:48:00,58269.73
1043,10/05/2021 16:48:01,58269.73
1044,10/05/2021 16:48:02,58269.73
1045,10/05/2021 16:47:40,58251.77
1046,10/05/2021 16:47:41,58251.77
1047,10/05/2021 16:47:42,58251.77
1048,10/05/2021 16:47:43,58276.85
1049,10/05/2021 16:47:44,58276.85
1050,10/05/2021 16:47:45,58276.85
1051,10/05/2021 16:47:46,58276.85
1052,10/05/2021 16:47:47,58276.85
1053,10/05/2021 16:47:48,58276.85
1054,10/05/2021 16:47:49,58276.85
1055,10/05/2021 16:47:50,58276.66
1056,10/05/2021 16:47:29,58238.91
1057,10/05/2021 16:47:30,58238.91
1058,10/05/2021 16:47:31,58238.91
1059,10/05/2021 16:47:32,58238.91
1060,10/05/2021 16:47:33,58238.91
1061,10/05/2021 16:47:34,58238.91
1062,10/05/2021 16:47:35,58251.77
1063,10/05/2021 16:47:36,58251.77
1064,10/05/2021 16:47:37,58251.77
1065,10/05/2021 16:47:38,58251.77
1066,10/05/2021 16:47:39,58251.77
1067,10/05/2021 16:47:17,58230.15
1068,10/05/2021 16:47:18,58230.15
1069,10/05/2021 16:47:19,58230.94
1070,10/05/2021 16:47:20,58230.94
1071,10/05/2021 16:47:21,58230.94
1072,10/05/2021 16:47:22,58230.94
1073,10/05/2021 16:47:23,58230.94
1074,10/05/2021 16:47:24,58230.94
1075,10/05/2021 16:47:25,58230.94
1076,10/05/2021 16:47:26,58230.94
1077,10/05/2021 16:47:28,58238.91
1078,10/05/2021 16:47:06,58228.58
1079,10/05/2021 16:47:07,58228.58
1080,10/05/2021 16:47:08,58228.58
1081,10/05/2021 16:47:09,58228.58
1082,10/05/2021 16:47:10,58228.58
1083,10/05/2021 16:47:11,58228.58
1084,10/05/2021 16:47:12,58230.15
1085,10/05/2021 16:47:13,58230.15
1086,10/05/2021 16:47:14,58230.15
1087,10/05/2021 16:47:15,58230.15
1088,10/05/2021 16:47:16,58230.15
1089,10/05/2021 16:46:54,58223.41
1090,10/05/2021 16:46:55,58223.41
1091,10/05/2021 16:46:56,58225.77
1092,10/05/2021 16:46:58,58225.77
1093,10/05/2021 16:46:59,58225.77
1094,10/05/2021 16:47:00,58225.77
1095,10/05/2021 16:47:01,58225.77
1096,10/05/2021 16:47:02,58225.77
1097,10/05/2021 16:47:03,58225.77
1098,10/05/2021 16:47:04,58225.77
1099,10/05/2021 16:47:05,58228.58
1100,10/05/2021 16:46:43,58225.65
1101,10/05/2021 16:46:44,58225.65
1102,10/05/2021 16:46:45,58225.65
1103,10/05/2021 16:46:46,58225.65
1104,10/05/2021 16:46:47,58225.65
1105,10/05/2021 16:46:48,58225.65
1106,10/05/2021 16:46:49,58225.65
1107,10/05/2021 16:46:50,58223.41
1108,10/05/2021 16:46:51,58223.41
1109,10/05/2021 16:46:52,58223.41
1110,10/05/2021 16:46:53,58223.41
1111,10/05/2021 16:46:31,58199.89
1112,10/05/2021 16:46:32,58199.89
1113,10/05/2021 16:46:34,58199.89
1114,10/05/2021 16:46:35,58214.58
1115,10/05/2021 16:46:36,58214.58
1116,10/05/2021 16:46:37,58214.58
1117,10/05/2021 16:46:38,58214.58
1118,10/05/2021 16:46:39,58214.58
1119,10/05/2021 16:46:40,58214.58
1120,10/05/2021 16:46:41,58214.58
1121,10/05/2021 16:46:42,58225.65
1122,10/05/2021 16:46:20,58197.44
1123,10/05/2021 16:46:21,58197.44
1124,10/05/2021 16:46:22,58197.44
1125,10/05/2021 16:46:23,58197.44
1126,10/05/2021 16:46:24,58197.44
1127,10/05/2021 16:46:25,58199.89
1128,10/05/2021 16:46:26,58199.89
1129,10/05/2021 16:46:27,58199.89
1130,10/05/2021 16:46:28,58199.89
1131,10/05/2021 16:46:29,58199.89
1132,10/05/2021 16:46:30,58199.89
1133,10/05/2021 16:46:08,58195.38
1134,10/05/2021 16:46:09,58195.38
1135,10/05/2021 16:46:10,58195.38
1136,10/05/2021 16:46:11,58196.79
1137,10/05/2021 16:46:12,58196.79
1138,10/05/2021 16:46:14,58196.79
1139,10/05/2021 16:46:15,58196.79
1140,10/05/2021 16:46:16,58196.79
1141,10/05/2021 16:46:17,58196.79
1142,10/05/2021 16:46:18,58197.44
1143,10/05/2021 16:46:19,58197.44
1144,10/05/2021 16:45:57,58197.15
1145,10/05/2021 16:45:58,58197.15
1146,10/05/2021 16:45:59,58197.15
1147,10/05/2021 16:46:00,58197.15
1148,10/05/2021 16:46:01,58197.15
1149,10/05/2021 16:46:02,58197.15
1150,10/05/2021 16:46:03,58197.15
1151,10/05/2021 16:46:04,58195.38
1152,10/05/2021 16:46:05,58195.38
1153,10/05/2021 16:46:06,58195.38
1154,10/05/2021 16:46:07,58195.38
1155,10/05/2021 16:45:45,58229.04
1156,10/05/2021 16:45:47,58229.04
1157,10/05/2021 16:45:48,58229.04
1158,10/05/2021 16:45:49,58229.04
1159,10/05/2021 16:45:50,58229.04
1160,10/05/2021 16:45:51,58229.04
1161,10/05/2021 16:45:52,58229.04
1162,10/05/2021 16:45:53,58229.04
1163,10/05/2021 16:45:54,58229.04
1164,10/05/2021 16:45:55,58229.04
1165,10/05/2021 16:45:56,58229.04
1166,10/05/2021 16:44:13,58219.72
1167,10/05/2021 16:44:14,58219.72
1168,10/05/2021 16:44:15,58219.72
1169,10/05/2021 16:44:16,58221.55
1170,10/05/2021 16:44:17,58221.55
1171,10/05/2021 16:44:18,58221.55
1172,10/05/2021 16:44:19,58221.55
1173,10/05/2021 16:44:20,58221.55
1174,10/05/2021 16:44:22,58221.55
1175,10/05/2021 16:44:23,58221.55
1176,10/05/2021 16:44:24,58219.94
